id,advisor_id,additional_text_1,additional_text_2,additional_text_3,additional_text_4,additional_text_5,additional_text_6,created_at,updated_at
37,152,,,,,,,2/13/2020 23:40,2/13/2020 23:40
48,450,"We are rated 4.80% out of 5.00 for Client Satisfaction on Vouched For, www.vouchedfor.com",See our website for full details of our service. www.cfislive.co.uk,Cornwall Finance & Investment Services Ltd and is entered in the Financial Conduct Authority services register under reference number:596144.,,,,10/8/2020 22:54,1/27/2021 23:59
49,454,Bristol & West Financial Services LTD is an appointed representative of LJ Financial Planning Limited and is entered in the Financial Conduct Authority (FCA) services register under reference number:627322,,,,,,10/9/2020 20:52,12/18/2020 21:21
50,496,"RBM Solutions is a trading style of Reece Blake Marsh Solutions Ltd, who are an appointed representative of PKD Private Finance Ltd is authorised and regulated by the Financial Conduct Authority. 

Our financial Services Number: 918388 (PKD Private Finance Ltd 846083). Company Registered in England and Wales, registration number 11306207.

We refer to Better Wealth Management company for pension and Investment advice who are regulated by the FCA 153420.

If you wish to register a complaint, please write to info@rbmsolutions.co.uk or telephone 02392 295046

A summary of our internal complaints handling procedures for the reasonable and prompt handling of complaints is available on request and if you cannot settle your complaint with us, you may be entitled to refer it to the Financial Ombudsman Service at www.financial-ombudsman.org.uk or by contacting them on 0800 0234 567.",,,,,,10/29/2020 23:40,10/29/2020 23:40
51,541,One Financial Solutions Ltd is an appointed representative of 2plan wealth management Ltd and is entered in the Financial Conduct Authority (FCA) services register under reference number: 607130.,,,,,,11/28/2020 1:45,12/12/2020 2:01
52,535,Resolve Financial Solutions is an appointed representative of Sense Network Ltd and is entered in the Financial Conduct Authority (FCA) services register under reference number: 724846.,,,,,,12/8/2020 23:12,12/8/2020 23:12
53,543,mortgagePA.co.uk is a trading name of SSRE Group Ltd. SSRE Group Ltd is an appointed representative of Quilter Mortgage Planning Limited and is entered in the Financial Conduct Authority (FCA) services register under reference number: 825145.,,,,,,12/10/2020 23:21,12/11/2020 23:43
54,437,Sandringham Financial Partners Limited is authorised and regulated by the Financial Conduct Authority (FCA) and is entered in the Financial Conduct Authority services register under reference number: 581304.,,,,,,12/11/2020 2:51,12/11/2020 2:51
55,546,Red Kite Wealth Management Ltd is authorised and regulated by the Financial Conduct Authority (FCA) and is entered in the Financial Conduct Authority services register under reference number: 800111.,,,,,,12/11/2020 4:02,12/11/2020 4:02
56,547,Eunisure Ltd. is authorised and regulated by the Financial Conduct Authority (FCA) and is entered in the Financial Conduct Authority services register under reference number: 485047.,,,,,,12/11/2020 4:47,12/11/2020 4:47
57,548,Buchanan Financial Planning  is an appointed representative of St. James’s Place Wealth Management PLC and is entered in the Financial Conduct Authority (FCA) services register under reference number: 803580,,,,,,12/11/2020 22:23,12/11/2020 22:23
58,549,Pocock Rutherford & Co Limited is an appointed representative of Quilter Financial Limited and is entered in the Financial Conduct Authority (FCA) services register under reference number 531661.,,,,,,12/14/2020 21:40,12/14/2020 21:40
59,540,SMC Financial Services Limited is authorised and regulated by the Financial Conduct Authority (FCA) and is entered in the Financial Conduct Authority services register under reference number: 812935.,,,,,,12/14/2020 21:41,12/14/2020 21:41
60,539,Alterno is a trading name of Alterno Wealth Ltd. Alterno Wealth Ltd is an appointed representative of Pi Financial Ltd and is entered in the Financial Conduct Authority (FCA) services register under reference number: 803925.,,,,,,12/14/2020 22:56,12/14/2020 22:56
61,537,Buchanan Financial Planning is a trading name of Scott Buchanan. Scott Buchanan an appointed representative of St. James's Place Wealth Management plc and is entered in the Financial Conduct Authority (FCA) services register under reference number: 803580.,,,,,,12/14/2020 23:20,12/14/2020 23:20
62,550,Protect your nest is an appointed representative of PRIMIS Mortgage Network. PRIMIS Mortgage Network is a trading name of Personal Touch Financial Services Ltd and is entered in the Financial Conduct Authority services register under reference number 912641.,,,,,,12/14/2020 23:26,12/15/2020 21:39
64,534,"True Potential Wealth Limited is authorised and regulated by the Financial Conduct Authority (FCA) and is entered in the
Financial Conduct Authority services register under reference number: 529810",,,,,,12/14/2020 23:59,12/14/2020 23:59
65,533,Quilter Financial Advisers Limited is an appointed representative of Quilter Financial Services Limited and Quilter Mortgage Planning Limited and is entered in the Financial Conduct Authority (FCA) services register under reference number: 452529.,,,,,,12/15/2020 1:32,12/15/2020 1:32
66,531,Our Mortgage Broker Limited is an appointed representative of Beneficial Life (London) Ltd and is entered in the Financial Conduct Authority (FCA) services register under reference number: 835511.,,,,,,12/15/2020 1:49,12/15/2020 1:49
67,529,The Equity Release Experts is a trading name of Tere Advisors Ltd. Tere Advisors Ltd is an appointed representative of Key Retirement Solutions Limited and is entered in the Financial Conduct Authority (FCA) services register under reference number: 916047.,,,,,,12/15/2020 2:05,12/15/2020 2:05
68,528,Sykes Ihlenfeldt Limited is authorised and regulated by the Financial Conduct Authority (FCA) and is entered on the Financial Conduct Authority services register under reference number: 442051.,,,,,,12/15/2020 2:18,12/17/2020 2:30
70,526,Wealthmasters Financial Management Ltd is authorised and regulated by the Financial Conduct Authority (FCA) and is entered in the Financial Conduct Authority services register under reference number: 536087.,,,,,,12/15/2020 3:05,12/15/2020 3:05
71,551,Hexagon Financial Services Ltd is an appointed representative of HL Partnership Limited and is entered in the Financial Conduct Authority (FCA) services register under reference number: 844812.,,,,,,12/15/2020 3:37,12/15/2020 3:37
72,525,Abacus Associates Financial Services is a trading name of Tavistock Partners (UK) Limited. Tavistock Partners (UK) Limited is authorised and regulated by the Financial Conduct Authority (FCA) and is entered in the Financial Conduct Authority services register under reference number: 230342.,,,,,,12/15/2020 3:52,12/15/2020 3:52
73,523,Rose Financial Planning is a trading name of David Ian Rose. David Ian Rose is an appointed representative of New Leaf Distribution Ltd and is entered in the Financial Conduct Authority (FCA) services register under reference number: 809824.,,,,,,12/15/2020 4:55,12/15/2020 4:55
74,522,Silver Birches Financial Planning Ltd is an appointed representative of Quilter Financial Planning Solutions Limited and is entered in the Financial Conduct Authority (FCA) services register under reference number: 840469.,,,,,,12/15/2020 5:39,12/15/2020 5:39
75,521,Money Advice & Planning Ltd is authorised and regulated by the Financial Conduct Authority and is entered in the Financial Conduct Authority services register under reference number: 489927.,,,,,,12/15/2020 21:32,12/15/2020 21:32
76,520,Oakdale Financial Services Ltd is an appointed representative of St. James's Place Wealth Management Plc and is entered in the Financial Conduct Authority (FCA) services register under reference number: 575995.,,,,,,12/15/2020 22:10,12/15/2020 22:10
77,519,Beaufort Financial is a trading name of Beaufort Financial Planning (North West) Limited. Beaufort Financial Planning (North West) Limited is an appointed representative of Beaufort Financial Planning Limited and is entered in the Financial Conduct Authority (FCA) services register under reference number: 407940.,,,,,,12/15/2020 22:50,12/15/2020 22:50
78,518,Fairstone Financial Management Ltd is authorised and regulated by the Financial Conduct Authority (FCA) and is entered in the Financial Conduct Authority services register under reference number: 475973.,,,,,,12/16/2020 0:04,12/16/2020 0:04
79,517,Middleton Wealth Management is a trading name of Greg Middleton Wealth Management Ltd. Greg Middleton Wealth Management Ltd is an appointed representative of of St. James's Place Wealth Management Plc and is entered in the Financial Conduct Authority (FCA) services register under reference number: 601496.,,,,,,12/16/2020 2:04,12/16/2020 2:04
80,516,Verus Financial Services Limited is authorised and regulated by the Financial Conduct Authority (FCA) and is entered in the Financial Conduct Authority services register under reference number: 765214.,,,,,,12/16/2020 2:26,12/16/2020 2:26
81,515,Mortgage Advice Bureau is a trading name of Your Mortgage and Protection Limited. Your Mortgage and Protection Limited is an appointed representative of Mortgage Advice Bureau Limited and Mortgage Advice Bureau (Derby) Limited and is entered in the Financial Conduct Authority (FCA) services register under reference number: 913037.,,,,,,12/16/2020 3:07,12/16/2020 3:07
82,514,Canford Financial Services is an appointed representative of TenetLime Limited and is entered in the Financial Conduct Authority (FCA) services register under reference number: 739662.,,,,,,12/16/2020 3:36,12/16/2020 3:36
83,552,Prestige Wealth Planning is authorised and regulated by the Financial Conduct Authority (FCA) and is entered in the Financial Conduct Authority services register under reference number: 571609.,"Head office address: Prestige Wealth Planning, Suite 19, Brooklands House, 58 Marlborough Road, Lancing Business Park,
Lancing, West Sussex, BN15 8AF",,,,,12/16/2020 3:47,12/18/2020 22:40
84,513,Sirius Wealth Management LLP is authorised and regulated by the Financial Conduct Authority (FCA) and is entered in the Financial Conduct Authority services register under reference number: 920310.,,,,,,12/16/2020 4:21,12/16/2020 4:21
85,512,Tomorrow Mortgages is a trading name of Brook Financial Services Limited. Brook Financial Services Limited are an appointed representative of Mortgage Advice Bureau Limited and Mortgage Advice Bureau (Derby) Limited and is entered in the Financial Conduct Authority (FCA) services register under reference number: 529047.,,,,,,12/16/2020 5:27,12/16/2020 5:27
86,510,Camargue Wealth Ltd is an appointed representative of Quilter Financial Limited and is entered in the Financial Conduct Authority (FCA) services register under reference number: 749215.,,,,,,12/16/2020 21:51,12/16/2020 21:51
87,509,Anglian Wealth Management is a trading name of Ian Farrant. Ian Farrant is an appointed representative of St. James's Place Wealth Management Plc and is entered in the Financial Conduct Authority (FCA) services register under reference number: 499227.,,,,,,12/16/2020 22:54,12/16/2020 22:54
88,507,Sandringham Financial Partners Limited is authorised and regulated by the Financial Conduct Authority (FCA) and is entered in the Financial Conduct Authority services register under reference number: 581304.,,,,,,12/16/2020 23:14,12/16/2020 23:14
89,506,Paragon Financial Partners LLP is authorised and regulated by the Financial Conduct Authority (FCA) and is entered in the Financial Conduct Authority services register under reference number: 711931.,,,,,,12/16/2020 23:34,12/16/2020 23:34
90,505,Fair Trade IFA is a trading name of Stephen Holmes. Stephen Holmes is authorised and regulated by the Financial Conduct Authority (FCA) and is entered in the Financial Conduct Authority services register under reference number: 504022.,,,,,,12/17/2020 0:56,12/17/2020 1:00
91,504,First Service Financial Ltd is authorised and regulated by the Financial Conduct Authority (FCA) and is entered in the Financial Conduct Authority services register under reference number: 479175.,,,,,,12/17/2020 1:20,12/17/2020 1:20
93,553,Sandringham Financial Partners Ltd is authorised and regulated by the Financial Conduct Authority (FCA) and is entered in the Financial Conduct Authority services register under reference number: 581304.,,,,,,12/17/2020 1:47,12/17/2020 1:47
94,502,Sykes Ihlenfeldt Limited is authorised and regulated by the Financial Conduct Authority (FCA) and is entered on the Financial Conduct Authority services register under reference number: 442051.,,,,,,12/17/2020 2:25,12/17/2020 2:25
96,438,Inspire Wealth Ltd is authorised and regulated by the Financial Conduct Authority (FCA) and is entered in the Financial Conduct Authority services register under reference number: 461089.,,,,,,12/17/2020 3:26,12/17/2020 3:26
97,499,Aspire Financial Management Ltd is an appointed representative of TenetConnect Ltd and is entered in the Financial Conduct Authority (FCA) services register under reference number: 568595.,,,,,,12/17/2020 4:28,12/17/2020 4:28
98,498,Oracle Financial Solutions is a trading name of New Leaf Distribution Ltd. New Leaf Distribution Ltd is authorised and regulated by the Financial Conduct Authority (FCA) and is entered in the Financial Conduct Authority services register under reference number: 460421.,,,,,,12/17/2020 23:14,12/17/2020 23:14
99,489,Charles Derby Wealth Management Limited is an appointed representative of Quilter Financial Services Limited and Quilter Mortgage Planning Limited and is entered in Financial Conduct Authority (FCA) services register under reference number 535816.,,,,,,12/17/2020 23:22,12/18/2020 2:34
100,484,Quilter Financial Advisers Limited is an appointed representative of Quilter Financial Services Limited and Quilter Mortgage Planning Limited and is entered in the Financial Conduct Authority (FCA) services register under reference number 452529.,,,,,,12/17/2020 23:45,12/17/2020 23:45
101,497,Casterdon Wealth Management Ltd is an appointed representative of St. James's Place Wealth Management Plc and is entered in the Financial Conduct Authority (FCA) services register under reference number: 541861.,,,,,,12/17/2020 23:46,12/17/2020 23:46
102,493,Cheshire Wealth Partnership Ltd is an appointed representative of L J Financial Planning Ltd and is entered in the Financial Conduct Authority (FCA) services register under reference number: 605920.,,,,,,12/18/2020 1:23,12/18/2020 1:23
104,490,Tom McCormick Wealth Management is a trading name of Tom McCormick. Tom McCormick is an appointed representative of St. James's Place Wealth Management Plc and is entered in the Financial Conduct Authority (FCA) services register under reference number: 766531.,,,,,,12/18/2020 2:14,12/18/2020 2:14
106,554,Assured Private Wealth Ltd is authorised and regulated by the Financial Conduct Authority (FCA) and is entered in the Financial Conduct Authority services register under reference number: 718755.,,,,,,12/18/2020 3:50,12/18/2020 3:50
107,487,The North East Mortgage Centre is a trading name of Steel River Financial Limited. Steel River Financial Limited is authorised and regulated by the Financial Conduct Authority (FCA) and is entered in the Financial Conduct Authority services register under reference number: 781149.,,,,,,12/18/2020 3:50,12/18/2020 3:50
108,486,Wilson Wealth Management is a trading name of William Wilson. William Wilson is an appointed representative of St. James's Place Wealth Management Plc and is entered in the Financial Conduct Authority (FCA) services register under reference number: 571688.,,,,,,12/18/2020 4:07,12/18/2020 4:07
109,485,Bramley Financial Planning Limited is authorised and regulated by the Financial Conduct Authority (FCA) and is entered in the Financial Conduct Authority services register under reference number: 789902.,,,,,,12/18/2020 4:22,12/18/2020 4:22
110,483,CHL Finance Limited is an appointed representative of Goldwire Financial Solutions Limited and is entered in the Financial Conduct Authority (FCA) services register under reference number: 922547.,,,,,,12/18/2020 5:26,12/18/2020 5:26
112,478,MML Financial Associates Ltd is authorised and regulated by the Financial Conduct Authority (FCA) and is entered in the Financial Conduct Authority services register under reference number: 577269,,,,,,12/18/2020 20:16,12/18/2020 20:16
113,473,Mosaac Limited is authorised and regulated by the Financial Conduct Authority (FCA) and is entered in the Financial Conduct Authority services register under reference number: 581080,,,,,,12/18/2020 20:24,12/18/2020 20:24
114,472,Octagon Financial Services Limited is authorised and regulated by the Financial Conduct Authority (FCA) and is entered in the Financial Conduct Authority services register under reference number: 843997.,,,,,,12/18/2020 20:28,12/18/2020 20:28
115,464,AFH Wealth Management  is a trading name of AFH Independent Financial Services Limited. AFH Independent Financial Services Limited is authorised and regulated by the Financial Conduct Authority (FCA) and is entered in the Financial Conduct Authority services register under reference number: 216704,,,,,,12/18/2020 20:47,12/18/2020 20:47
116,430,NJ Taylor Wealth Management is a trading name of Neil Taylor. Neil Taylor is is an appointed representative of St. James’s Place Wealth Management PLC and is entered in the Financial Conduct Authority (FCA) services register under reference number: 736397,,,,,,12/18/2020 22:04,12/18/2020 22:04
117,481,Just Mortgages is a trading name of Just Mortgages Direct Limited. Just Mortgages Direct Limited is an appointed representative of Openwork Limited and is entered in the Financial Conduct Authority (FCA) services register under reference number: 404016.,,,,,,12/18/2020 22:12,12/18/2020 22:12
118,429,"Plutus Partnership Ltd is an appointed representative of Smith, Law & Shepherds IFA Ltd and is entered in the Financial Conduct Authority (FCA) services register under reference number: 780346",,,,,,12/18/2020 22:14,12/18/2020 22:14
119,428,Neales Financial Management Limited  is authorised and regulated by the Financial Conduct Authority (FCA) and is entered in the Financial Conduct Authority services register under reference number: 191772,,,,,,12/18/2020 22:24,12/18/2020 22:24
120,480,Tessyman Wealth Management Ltd is an appointed representative of St. James's Place Wealth Management Plc and is entered in the Financial Conduct Authority (FCA) services register under reference number: 769918.,,,,,,12/18/2020 22:42,12/18/2020 22:42
121,479,Cox Financial Services Ltd is an appointed representative of Quilter Financial Services Limited and Quilter Mortgage Planning Limited and is entered in the Financial Conduct Authority (FCA) services register under reference number: 734843.,,,,,,12/18/2020 23:00,12/18/2020 23:00
122,477,Taurus Global Financial Advisers Ltd is authorised and regulated by the Financial Conduct Authority (FCA) and is entered in the Financial Conduct Authority services register under reference number: 516955.,,,,,,12/18/2020 23:25,12/18/2020 23:25
123,476,City Mortgage Solutions Ltd is authorised and regulated by the Financial Conduct Authority (FCA) and is entered in the Financial Conduct Authority services register under reference number: 466719.,,,,,,12/18/2020 23:41,12/18/2020 23:41
124,474,Futures Assured Limited is authorised and regulated by the Financial Conduct Authority (FCA) and is entered in the Financial Conduct Authority services register under reference number: 441384.,,,,,,12/18/2020 23:58,12/19/2020 0:01
125,471,CDC Consultancy Limited is an appointed representative of Quilter Financial Services Limited and Quilter Mortgage Planning Limited and is entered in the Financial Conduct Authority (FCA) services register under reference number: 768246.,,,,,,12/19/2020 1:47,12/19/2020 1:47
126,470,Continuum is a trading name of Continuum (Financial Services) LLP which is authorised and regulated by the Financial Conduct Authority (FCA) and is entered in the Financial Conduct Authority services register under reference number: 802331.,,,,,,12/19/2020 2:01,12/19/2020 2:01
127,469,Blackroot Financial Planning is a trading name of Blackroot Limited. Blackroot Limited is authorised & regulated by the Financial Conduct Authority (FCA) and is entered in the Financial Conduct Authority services register under reference number: 616966.,,,,,,12/19/2020 2:25,12/19/2020 2:25
128,467,Home Owners Advice Ltd is authorised and regulated by the Financial Conduct Authority (FCA) and is entered in the Financial Conduct Authority services register under reference number: 813071.,,,,,,12/19/2020 2:36,12/19/2020 2:36
129,466,Uni-Plan Financial Solutions Limited is an appointed representative of Openwork Limited and is entered in the Financial Conduct Authority (FCA) services register under reference number: 577048.,,,,,,12/19/2020 2:58,12/19/2020 2:58
130,465,Fidenti Financial Planning Ltd is an appointed representative of Quilter Financial Planning Limited and Quilter Mortgage Planning Limited. Fidenti Financial Planning Ltd is entered in the Financial Conduct Authority (FCA) services register under reference number: 677885.,,,,,,12/19/2020 3:11,12/19/2020 3:11
131,463,Victoria Mortgages is a trading name of Infinity Financial Advisors Ltd. Infinity Financial Advisors Ltd is an appointed representative of Quilter Financial Services Limited and Quilter Mortgage Planning Limited and is entered in the Financial Conduct Authority (FCA) services register under reference number: 917003.,,,,,,12/19/2020 3:49,12/19/2020 3:49
132,462,Truly Independent Ltd is authorised and regulated by the Financial Conduct Authority (FCA) and is entered in the Financial Conduct Authority services register under reference number: 513655.,,,,,,12/19/2020 4:12,12/19/2020 4:12
133,461,Smith Hobbs Wealth Management Limited is an appointed representative of St. James's Place Wealth Management Plc and is entered in the Financial Conduct Authority (FCA) services register under reference number: 764930.,,,,,,12/19/2020 4:24,12/19/2020 4:24
134,460,One Financial Solutions Ltd is an appointed representative of 2plan wealth management Ltd and is entered in the Financial Conduct Authority (FCA) services register under reference number: 607130.,,,,,,12/19/2020 5:08,12/19/2020 5:08
135,427,Sandringham Financial Partners Ltd (‘Sandringham’) is authorised and regulated by the Financial Conduct Authority (FCA) and is entered in the Financial Conduct Authority services register under reference number: 58130.,,,,,,1/4/2021 23:02,1/4/2021 23:02
136,426,Quilter Financial Advisers Limited is an appointed representative of Quilter Financial Services Limited and Quilter Mortgage Planning Limited and is entered in the Financial Conduct Authority (FCA) services register under reference number:440703.,,,,,,1/4/2021 23:31,1/4/2021 23:31
137,425,Camargue Wealth Ltd is an appointed representative of Quilter Financial Limited and is entered in the Financial Conduct Authority (FCA) services register under reference number: 749215.,,,,,,1/4/2021 23:41,1/4/2021 23:41
138,424,Finance Planning Wealth Management Limited is an appointed representative of TenetConnect Limited and is entered in the Financial Conduct Authority (FCA) services register under reference number: 673741,,,,,,1/4/2021 23:50,1/4/2021 23:58
139,555,Edward Frazer Limited is an appointed representative of Sandringham Financial Partners Ltd (‘Sandringham’) and is entered in the Financial Conduct Authority (FCA) services register under reference number: 495467.,,,,,,1/5/2021 3:29,1/5/2021 3:29
140,422,Finance Planning Wealth Management Limited is an appointed representative of TenetConnect Limited and is entered in the Financial Conduct Authority (FCA) services register under reference number: 673741,,,,,,1/5/2021 22:01,1/5/2021 22:01
141,421,"TMF Wealth Management is a trading name of Mortgage Factory UK Ltd , which is an appointed representative of Quilter Mortgage Planning Limited and Quilter Financial Planning Limited and is entered in the Financial Conduct Authority (FCA) services register under reference number: 490722",,,,,,1/5/2021 22:06,1/5/2021 22:06
142,420,Wealth Aspirations LLP is authorised and regulated by the Financial Conduct Authority (FCA) and is entered in the Financial Conduct Authority services register under reference number:573420,,,,,,1/5/2021 22:29,1/5/2021 22:29
144,418,PSA (Financial Services) Ltd is authorised and regulated by the Financial Conduct Authority (FCA) and is entered in the Financial Conduct Authority services register under reference number: 231108,,,,,,1/5/2021 23:01,1/5/2021 23:01
145,556,Apex Financial Services is a trading name of Matthew Jones. Matthew Jones is an appointed representative of St. James's Place Wealth Management Plc and is entered in the Financial Conduct Authority (FCA) services register under reference number: 924704.,,,,,,1/6/2021 2:02,1/6/2021 2:02
146,459,Midland Finance Limited is an appointed representative of Stonebridge Mortgage Solutions Ltd and is entered in the Financial Conduct Authority (FCA) services register under reference number: 912657.,,,,,,1/6/2021 2:25,1/6/2021 2:25
147,458,John Wilson Mortgages One Stop is a trading name of John Wilson. John Wilson is an appointed representative of The Right Mortgage Ltd and is entered in the Financial Conduct Authority (FCA) services register under reference number: 922776.,,,,,,1/6/2021 3:15,1/6/2021 3:15
148,457,GHL Direct is a trading name of GHL Network Services Ltd. GHL Network Services Ltd is an appointed representative of Openwork Limited and is entered in the Financial Conduct Authority (FCA) services register under reference number: 497119.,,,,,,1/6/2021 4:14,1/6/2021 4:14
149,415,Clarity Wealth Management LLP is authorised and regulated by the Financial Conduct Authority (FCA) and is entered in the Financial Conduct Authority services register under reference number:575252.,,,,,,1/6/2021 22:01,1/6/2021 22:01
150,456,PENSIONEXPERT4U LIMITED is an appointed representative of Studio 61 Wealth Management and is entered in the Financial Conduct Authority (FCA) services register under reference number: 713008.,,,,,,1/7/2021 2:10,1/7/2021 2:10
151,557,Vision Independent Financial Planning is authorised and regulated by the Financial Conduct Authority (FCA) and is entered in the Financial Conduct Authority services register under reference number: 487395.,,,,,,1/7/2021 3:37,1/7/2021 3:37
152,414,Aisa Professional is a trading name of Aisa Financial Planning Ltd and is entered in the Financial Conduct Authority (FCA) services register under reference number: 189652.,,,,,,1/7/2021 21:46,1/7/2021 21:46
153,413,The Partner Practice is an Appointed Representative of St. James's Place Wealth Management plc and is entered in the Financial Conduct Authority (FCA) services register under reference number: 408201.,,,,,,1/7/2021 21:49,1/7/2021 21:49
154,416,Wolds Financial Planning Ltd is an appointed representative of 2plan wealth management Ltd. and is entered in the Financial Conduct Authority (FCA) services register under reference number: 922057,,,,,,1/7/2021 21:56,1/7/2021 21:56
155,558,Oliver Wealth Management is a trading name of Nicholas Oliver. Nicholas Oliver is an appointed representative of St. James's Place Wealth Management Plc and is entered in the Financial Conduct Authority (FCA) services register under reference number: 801615.,,,,,,1/8/2021 21:22,1/8/2021 21:22
156,412,iWealth Ltd  is an appointed representative of Best Practice IFA Group Ltd and is entered in the Financial Conduct Authority (FCA) services register under reference number:746364.,,,,,,1/11/2021 23:22,1/11/2021 23:22
157,411,Andrew Hawker Financial Management Limited is an appointed representative of TenetConnect Limited and is entered in the Financial Conduct Authority (FCA) services register under reference number:186387.,,,,,,1/11/2021 23:25,1/11/2021 23:25
158,410,Advance Wealth Ltd is authorised and regulated by the Financial Conduct Authority (FCA) and is entered in the Financial Conduct Authority services register under reference number: 494241,,,,,,1/11/2021 23:43,1/11/2021 23:43
159,409,Truly Independent Ltd is authorised and regulated by the Financial Conduct Authority (FCA) and is entered in the Financial Conduct Authority services register under reference number: 513655,,,,,,1/11/2021 23:53,1/11/2021 23:53
160,559,Prospera Wealth Management LLP is an appointed representative of St. James’s Place Wealth Management PLC and is entered in the Financial Conduct Authority (FCA) services register under reference number: 677269.,,,,,,1/12/2021 2:49,1/12/2021 2:49
161,405,Atrium Financial is a trading name of Eadon and Co and is entered in the Financial Conduct Authority (FCA) services register under reference number: 816029.,,,,,,1/12/2021 21:51,1/12/2021 21:51
162,404,Hoyl Independent Advisers Limited is authorised and regulated by the Financial Conduct Authority (FCA) and is entered in the Financial Conduct Authority services register under reference number: 433927.,,,,,,1/12/2021 21:54,1/12/2021 21:54
163,403,Lifestyle Wealth Management is a trading name of  Eadon and Co and is entered in the Financial Conduct Authority (FCA) services register under reference number: 816029.,,,,,,1/12/2021 21:58,1/12/2021 21:58
164,401,LC Financial Services is a trading name of Liam Crumlish. Liam Crumlish is an appointed representative of Quilter Financial Services Ltd  and is entered in the Financial Conduct Authority (FCA) services register under reference number:461826.,,,,,,1/12/2021 22:01,1/12/2021 22:01
165,400,"Paul Heneghan t/a Sterling Wealth Management
The Partner Practice is an Appointed Representative of and represents only St. James's Place Wealth Management plc and is entered in the Financial Conduct Authority (FCA) services register under reference number: 739305.",,,,,,1/12/2021 22:05,1/12/2021 22:05
166,399,PSA Independent Financial Advisers is a trading name of PSA Financial Services Limited. PSA Financial Services Limited is authorised and regulated by the Financial Conduct Authority (FCA) and is entered in the Financial Conduct Authority services register under reference number: 231108.,,,,,,1/12/2021 22:08,1/12/2021 22:08
167,398,Varsity Finance Ltd  is an appointed representative of New Leaf Distribution Ltd and is entered in the Financial Conduct Authority (FCA) services register under reference number: 460421.,,,,,,1/12/2021 22:15,1/12/2021 22:15
168,560,Mat White Financial Services is authorised and regulated by the Financial Conduct Authority (FCA) and is entered in the Financial Conduct Authority services register under reference number: 679903.,,,,,,1/12/2021 22:20,1/12/2021 22:20
169,396,The Partner Practice is an Appointed Representative of St. James's Place Wealth Management plc and is entered in the Financial Conduct Authority (FCA) services register under reference number: 747212,,,,,,1/12/2021 22:21,1/12/2021 22:21
170,395,Quilter Financial Advisers Limited is an appointed representative of Quilter Financial Services Limited and Quilter Mortgage Planning Limited and is entered in the Financial Conduct Authority (FCA) services register under reference number: 440703.,,,,,,1/12/2021 22:28,1/12/2021 22:28
171,394,Digby Associates – Positive Solutions Ltd is an appointed representative of Quilter Financial Planning Solutions Limited 631739.,,,,,,1/12/2021 23:09,1/12/2021 23:09
172,561,Primary Financial Solutions Ltd is an appointed representative of Quilter Financial Services Ltd and is entered in the Financial Conduct Authority (FCA) services register under reference number: 577475.,,,,,,1/12/2021 23:33,1/12/2021 23:33
173,562,Prestige Wealth Planning Limited is authorised and regulated by the Financial Conduct Authority (FCA) and is entered in the Financial Conduct Authority services register under reference number: 571609.,,,,,,1/13/2021 1:20,1/13/2021 1:20
174,563,Quilter Financial Advisers Limited is an appointed representative of Quilter Financial Services Limited and Quilter Mortgage Planning Limited and is entered in the Financial Conduct Authority (FCA) services register under reference number: 452529.,,,,,,1/13/2021 22:32,1/13/2021 22:32
175,391,Lowes Financial Management is authorised and regulated by the Financial Conduct Authority (FCA) and is entered in the Financial Conduct Authority services register under reference number: 114650.,,,,,,1/13/2021 22:46,1/13/2021 22:46
176,390,"Edale UK Management Limited, trading as Edale and Edale Investments is authorised and regulated by the Financial Conduct Authority (FCA) and is entered in the Financial Conduct Authority services register under reference number: 812332",,,,,,1/13/2021 23:02,1/13/2021 23:02
177,389,Eclipse Financial Planning is a trading name of Rosemount Financial Solutions Ltd. Rosemount Financial Solutions Ltd  is an appointed representative of Quilter Financial Services Limited and Quilter Mortgage Planning Limited and is entered in the Financial Conduct Authority (FCA) services register under reference number: 448935.,,,,,,1/13/2021 23:09,1/13/2021 23:09
178,388,Yellow Bear Financial Consultancy LLP is authorised and regulated by the Financial Conduct Authority (FCA) and is entered in the Financial Conduct Authority services register under reference number: 744163,,,,,,1/13/2021 23:29,1/13/2021 23:29
179,564,City Financial Planning Limited is authorised and regulated by the Financial Conduct Authority (FCA) and is entered in the Financial Conduct Authority services register under reference number: 440633.,,,,,,1/14/2021 1:12,1/14/2021 1:12
180,565,SCR Financial Services is a trading name of Susan Claire Rowley. Susan Claire Rowley is an appointed representative of Holyoakes Group Ltd and is entered in the Financial Conduct Authority (FCA) services register under reference number: 746595.,,,,,,1/15/2021 4:50,1/15/2021 4:50
181,443,Executive Wealth Services is authorised and regulated by the Financial Conduct Authority (FCA) and is entered in the Financial Conduct Authority services register under reference number:822396.,,,,,,1/15/2021 22:01,1/15/2021 22:01
182,568,Stockwell & Bentley Associates Ltd are authorised and regulated by the Financial Conduct Authority (FCA) and entered in the Financial Conduct Authority (FCA) services register under reference number: 728490.,,,,,,1/18/2021 22:08,1/18/2021 22:08
183,569,K D Wealth Management Ltd is an appointed representative of St. James’s Place Wealth Management PLC and is entered in the Financial Conduct Authority (FCA) services register under reference number: 595287.,,,,,,1/18/2021 23:23,1/18/2021 23:23
184,570,Nash Wealth Management Ltd is authorised and regulated by the Financial Conduct Authority (FCA) and is entered in the Financial Conduct Authority services register under reference number: 844292.,,,,,,1/19/2021 1:18,1/19/2021 23:33
185,573,Acer Consultancy Services Limited is authorised and regulated by the Financial Conduct Authority (FCA) and is entered in the Financial Conduct Authority services register under reference number: 750786.,,,,,,1/20/2021 1:31,1/20/2021 1:31
186,574,"Ashwood Law Wealth Management Ltd is an appointed representative of Quilter Financial Services Limited and Quilter Mortgage Planning Limited, and is entered in the Financial Conduct Authority (FCA) services register under reference number: 538265.",,,,,,1/20/2021 23:51,1/20/2021 23:51
187,575,KAL Capital Partners Ltd is an appointed representative of Vision Independent Financial Planning Ltd and is entered in the Financial Conduct Authority (FCA) services register under reference number: 765843.,,,,,,1/21/2021 3:13,1/21/2021 3:13
188,576,Mosaac Ltd is authorised and regulated by the Financial Conduct Authority (FCA) and is entered in the Financial Conduct Authority services register under reference number:581080.,,,,,,1/21/2021 22:06,1/21/2021 22:06
190,578,Professional Capital Ltd is authorised and regulated by the Financial Conduct Authority (FCA) and is entered in the Financial Conduct Authority services register under reference number 417765.,,,,,,1/21/2021 23:21,1/21/2021 23:21
191,579,TPD Wealth Management Ltd is authorised and regulated by the Financial Conduct Authority (FCA) and is entered in the Financial Conduct Authority services register under reference number: 606559.,,,,,,1/22/2021 21:43,1/22/2021 21:43
192,580,MSBM Wealth Limited an appointed representative of Pi Financial Ltd and is entered in the Financial Conduct Authority (FCA) services register under reference number: 930195.,,,,,,1/22/2021 22:11,1/22/2021 22:11
193,581,Ingenious Financial Solutions Ltd is authorised and regulated by the Financial Conduct Authority (FCA) and is entered in the Financial Conduct Authority services register under reference number: 744391,,,,,,1/22/2021 22:24,1/22/2021 22:24
194,582,Christopher Crompton is an appointed representative of St. James’s Place Wealth Management PLC and is entered in the Financial Conduct Authority (FCA) services register under reference number: 708609.,,,,,,1/22/2021 22:56,1/22/2021 22:56
195,583,Futures Assured Limited is authorised and regulated by the Financial Conduct Authority (FCA) and is entered in the Financial Conduct Authority services register under reference number:441384,,,,,,1/22/2021 23:07,1/22/2021 23:07
196,584,Inspire Wealth Ltd is authorised and regulated by the Financial Conduct Authority (FCA) and is entered in the Financial Conduct Authority services register under reference number:461089.,,,,,,1/22/2021 23:26,1/22/2021 23:26
197,431,Quilter Financial Advisers Limited is an appointed representative of Quilter Financial Services Limited and Quilter Mortgage Planning Limited  and is entered in the Financial Conduct Authority (FCA) services register under reference number: 440703,,,,,,1/25/2021 22:24,1/25/2021 22:24
198,433,Athena Wealth Ltd is an appointed representative of The On-Line Partnership Limited and is entered in the Financial Conduct Authority (FCA) services register under reference number: 792410.,,,,,,1/25/2021 22:31,1/25/2021 22:31
199,434,"Haworths Financial Services is an appointed representative of Quilter Financial Services Limited and Quilter Mortgage Planning Limited, and is entered in the Financial Conduct Authority (FCA) services register under reference number: 494163",,,,,,1/25/2021 22:42,1/25/2021 22:42
200,435,2plan wealth management Ltd  is authorised and regulated by the Financial Conduct Authority (FCA) and is entered in the Financial Conduct Authority services register under reference number:461598,,,,,,1/25/2021 22:58,1/25/2021 22:58
201,436,Hamblys IFA Ltd is authorised and regulated by the Financial Conduct Authority (FCA) and is entered in the Financial Conduct Authority services register under reference number: 924929.,,,,,,1/25/2021 23:18,1/25/2021 23:18
202,500,Inspire Wealth Ltd is authorised and regulated by the Financial Conduct Authority (FCA) and is entered in the Financial Conduct Authority services register under reference number:461089.,,,,,,1/25/2021 23:35,1/25/2021 23:35
203,495,Inspire Wealth Ltd is authorised and regulated by the Financial Conduct Authority (FCA) and is entered in the Financial Conduct Authority services register under reference number:461089.,,,,,,1/25/2021 23:46,1/25/2021 23:46
204,571,Profusion Wealth Management Ltd is an appointed representative of Vision Independent Financial Planning Ltd and is entered in the Financial Conduct Authority (FCA) services register under reference number: 604708.,,,,,,1/26/2021 21:40,1/26/2021 21:40
205,439,Sandringham Financial Partners Ltd (‘Sandringham’) is authorised and regulated by the Financial Conduct Authority (FCA) and is entered in the Financial Conduct Authority services register under reference number: 581304,,,,,,1/26/2021 22:26,1/26/2021 22:26
206,442,LJ Financial Planning Limited  is authorised and regulated by the Financial Conduct Authority (FCA) and is entered in the Financial Conduct Authority services register under reference number:429142.,,,,,,1/26/2021 22:54,1/26/2021 22:54
207,444,JDA Wealth Ltd is an appointed representative of Quilter Financial Services Limited and of Quilter Mortgage Planning Limited and is entered in the Financial Conduct Authority (FCA) services register under reference number: 175318.,,,,,,1/26/2021 22:59,1/26/2021 22:59
208,445,Moss and Roberts (Wealth Management) Ltd  is authorised and regulated by the Financial Conduct Authority (FCA) and is entered in the Financial Conduct Authority services register under reference number:590144.,,,,,,1/26/2021 23:02,1/26/2021 23:02
209,446,Fundworks Ltd is authorised and regulated by the Financial Conduct Authority (FCA) and is entered in the Financial Conduct Authority services register under reference number: 209002.,,,,,,1/26/2021 23:29,1/26/2021 23:29
210,585,Advanta Wealth Ltd is authorised and regulated by the Financial Conduct Authority (FCA) and is entered in the Financial Conduct Authority services register under reference number:605977.,,,,,,1/26/2021 23:50,1/26/2021 23:50
211,586,Alpha Wealth Management Limited is authorised and regulated by the Financial Conduct Authority (FCA) and is entered in the Financial Conduct Authority services register under reference number:747216.,,,,,,1/27/2021 22:58,1/27/2021 22:58
212,447,Apex CB Financial Planning Ltd is authorised and regulated by the Financial Conduct Authority (FCA) and is entered in the Financial Conduct Authority services register under reference number:507964.,,,,,,1/27/2021 23:23,1/27/2021 23:23
213,448,Eric Morton trading as Matthew Morton & Co is an appointed representative of The On-Line Partnership Limited and is entered in the Financial Conduct Authority (FCA) services register under reference number:609531.,,,,,,1/27/2021 23:27,1/27/2021 23:27
214,449,Active Wealth Independent Financial Advisers Ltd is authorised and regulated by the Financial Conduct Authority (FCA) and is entered in the Financial Conduct Authority services register under reference number: 828799.,,,,,,1/27/2021 23:37,1/27/2021 23:37
215,452,JBM Mortgage Brokers Ltd is an appointed representative of The Right Mortgage Limited and is entered in the Financial Conduct Authority (FCA) services register under reference number: 733348.,,,,,,1/28/2021 20:56,1/28/2021 20:56
216,453,DNA Wealth Ltd is an appointed representative of Lyncombe Consultants Limited and is entered in the Financial Conduct Authority (FCA) services register under reference number: 823923.,,,,,,1/28/2021 21:03,1/28/2021 21:03
217,455,Fairstone Financial Management Ltd is authorised and regulated by the Financial Conduct Authority (FCA) and is entered in the Financial Conduct Authority services register under reference number: 188596.,,,,,,1/28/2021 21:17,1/28/2021 21:17
218,524,Bright Blue Wealth Limited is an appointed representative of Openwork Limited and is entered in the Financial Conduct Authority (FCA) services register under reference number: 191195.,,,,,,1/29/2021 23:17,1/29/2021 23:17
219,587,Quilter Financial Advisers  is an appointed representative of Quilter Financial Services Limited. Quilter Financial Services Limited is  authorised and regulated by the Financial Conduct Authority (FCA) and is entered in the Financial Conduct Authority services register under reference number: 440703.,,,,,,2/2/2021 23:31,2/2/2021 23:31
220,592,Access Financial Services is authorised and regulated by the Financial Conduct Authority (FCA) and is entered in the Financial Conduct Authority services register under reference number: 301173.,,,,,,2/10/2021 21:45,2/10/2021 21:45
221,593,Executive Financial Planning is authorised and regulated by the Financial Conduct Authority (FCA) and is entered in the Financial Conduct Authority services register under reference number: 154863.,,,,,,2/10/2021 22:42,2/10/2021 22:42
222,594,Camargue Wealth Ltd  is an appointed representative of Quilter Financial Limited  and is entered in the Financial Conduct Authority (FCA) services register under reference number: 749215.,,,,,,2/10/2021 23:19,2/10/2021 23:19
223,595,FPM Advice Centre Ltd is authorised and regulated by the Financial Conduct Authority (FCA) and is entered in the Financial Conduct Authority services register under reference number: 783811.,,,,,,2/10/2021 23:30,2/10/2021 23:30
225,597,Equity Release Brokers Ltd is an appointed representative of Central Mortgages (Essex) Ltd and is entered in the Financial Conduct Authority (FCA) services register under reference number: 844014.,,,,,,2/11/2021 22:56,2/11/2021 22:56
226,591,Chester Financial Wealth  Management Limited is an appointed representative of L J Financial Planning Ltd nd is entered in the Financial Conduct Authority (FCA) services register under reference number:568560,,,,,,2/11/2021 23:55,2/11/2021 23:55
228,598,Edginton Stanley Wealth Management Ltd is an appointed representative of St. James's Place Wealth Management plc and is entered in the Financial Conduct Authority (FCA) services register under reference number: 839515.,,,,,,2/16/2021 23:13,2/16/2021 23:13
229,600,Advice For Later Life Ltd is a trading name of TRM Financial Ltd. TRM Financial Ltd is an appointed representative of The Right Mortgage Ltd and is entered in the Financial Conduct Authority (FCA) services register under reference number: 725622.,,,,,,2/23/2021 22:07,2/23/2021 22:07
230,601,Advice For Later Life Ltd is a trading name of TRM Financial Ltd. TRM Financial Ltd is an appointed representative of The Right Mortgage Ltd and is entered in the Financial Conduct Authority (FCA) services register under reference number: 725622.,,,,,,2/23/2021 22:14,2/23/2021 22:14
231,602,True Potential Wealth Management LLP is authorised and regulated by the Financial Conduct Authority (FCA) and is entered in the Financial Conduct Authority services register under reference number: 529810.,,,,,,2/25/2021 23:18,2/25/2021 23:18
232,603,Coastway Financial LLP is an appointed representative of HL Partnership Limited and is entered in the Financial Conduct Authority (FCA) services register under reference number: 784761.,,,,,,2/25/2021 23:29,2/25/2021 23:29
233,605,Equity Release Associates Limited is an appointed representative of Age Partnership Limited and is entered in the Financial Conduct Authority (FCA) services register under reference number: 917442.,,,,,,3/6/2021 2:16,3/6/2021 2:16
234,604,Equity Release Guru is a trading style of Responsible Life Limited. Responsible Life Limited is authorised and regulated by the Financial Conduct Authority (FCA) and is entered in the Financial Conduct Authority services register under reference number: 610205.,,,,,,3/6/2021 2:36,3/6/2021 2:36
235,606,Tenet & You Limited is an appointed representative of TenetConnect Limited and is entered in the Financial Conduct Authority (FCA) services register under reference number: 455280.,,,,,,3/8/2021 21:29,3/8/2021 21:29
236,607,Revolution Financial Services Limited is an appointed representative of Sense Network Limited and is entered in the Financial Conduct Authority (FCA) services register under reference number: 494121.,,,,,,3/8/2021 22:12,3/8/2021 22:12
237,608,Lifetime Mortgage Market is a trading style of Robert Ducker. Robert Ducker is an appointed representative of The Right Mortgage Limited and is entered in the Financial Conduct Authority (FCA) services register under reference number: 940228.,,,,,,3/8/2021 23:31,3/8/2021 23:31
238,610,Essex Lending Solutions Limited  is authorised and regulated by the Financial Conduct Authority (FCA) and is entered in the Financial Conduct Authority services register under reference number: 599291.,,,,,,3/11/2021 23:06,3/11/2021 23:06
239,611,Paul Leonard Financial Associates is a trading style of TRM Financial Limited. TRM Financial Limited an appointed Representative of the Right Mortgage Network Limited and is entered in the Financial Conduct Authority services register under reference number: 725622.,,,,,,3/12/2021 0:08,3/12/2021 0:08
241,617,"Equity Release Associates Limited, is an appointed representative of Age Partnership Limited and is entered in the Financial Conduct Authority (FCA) services register under reference number: 917442.",,,,,,3/23/2021 2:15,3/23/2021 2:15
243,615,"Henden Financial & Henden Financial Elite are trading styles of Easy Street Financial Services Limited.
Easy Street Financial Services Limited  is an appointed representative of HL Partnership Limited and is entered in the Financial Conduct Authority (FCA) services register under reference number: 484514.",,,,,,3/23/2021 2:30,3/23/2021 2:30
245,613,Equity Release Midlands is a trading style of TRM Financial Limited. TRM Financial Limited is an appointed representative of The Right Mortgage Limited and is entered in the Financial Conduct Authority (FCA) services register under reference number: 725622.,Data Protection Licence number: ZA074200,,,,,3/23/2021 2:42,3/24/2021 2:08
247,612,McGrath Wealth Management Limited is an appointed representative of St James Place Wealth Management and is entered in the Financial Conduct Authority (FCA) services register under reference number: 675278.,,,,,,3/23/2021 23:47,3/23/2021 23:47
249,619,"The Equity Release Advice Company Limited is a trading style of TRM Financial Limited. TRM Financial Limited is an Appointed Representative of The Right Mortgage Ltd,and is entered in the Financial Conduct Authority (FCA) services register under reference number: 725622.",,,,,,4/6/2021 21:15,4/6/2021 21:15
251,621,GFP UK is a trading style of Goodale Financial Partners Limited. Goodale Financial Partners Limited is an appointed representative of Quilter Financial Services Limited and Quilter Mortgage Planning Limited and is entered in the Financial Conduct Authority (FCA) services register under reference number: 815708.,,,,,,4/6/2021 21:37,4/6/2021 21:37
253,629,Independent Financial Solutions is authorised and regulated by the Financial Conduct Authority (FCA) and is entered in the Financial Conduct Authority services register under reference number: 300469.,,,,,,5/6/2021 18:34,5/6/2021 18:34
255,625,MGC Mortgage Solutions is a trading name of Martin Collins. Martin Collins is an appointed representative of HL Partnership Limited and is entered in the Financial Conduct Authority (FCA) services register under reference number: 937385.,,,,,,5/6/2021 19:17,5/6/2021 19:17
257,627,Beck Financial Planning Limited is an appointed representative of St James's Place Wealth Management PLC and is entered in the Financial Conduct Authority (FCA) services register under reference number: 821865.,,,,,,5/6/2021 19:25,5/6/2021 19:25
